source_file,muscle,channel,amp_ma,noise_rms,signal_rms,snr,snr_db,electrode,mode
Single_Pulse_autosave_20260717_145115_858ms,Deltoid med. (L),L_DELmed,10,0.0022175805921628503,0.012782283290641214,5.764067080950777,15.214580527909266,1,monophasic
Single_Pulse_autosave_20260717_145115_858ms,Deltoid med. (L),L_DELmed,20,0.0020527025516908276,0.01897714565371873,9.244956429798902,19.318097374603674,1,monophasic
Single_Pulse_autosave_20260717_145115_858ms,Deltoid med. (L),L_DELmed,30,0.0022710067498482945,0.02401551383672997,10.57483155359808,20.48546916458133,1,monophasic
Single_Pulse_autosave_20260717_145115_858ms,Deltoid med. (L),L_DELmed,40,0.004261178931996319,0.031761134945133204,7.45360273576999,17.44732483768661,1,monophasic
Single_Pulse_autosave_20260717_145115_858ms,Deltoid med. (L),L_DELmed,50,0.0026099144919520243,0.045223653923753306,17.327638151826704,24.77478740253882,1,monophasic
Single_Pulse_autosave_20260717_145115_858ms,Deltoid med. (L),L_DELmed,60,0.0029369499924661096,0.06341835692659777,21.593270940696677,26.686368681698475,1,monophasic
Single_Pulse_autosave_20260717_145115_858ms,Deltoid med. (L),L_DELmed,70,0.012164400789987985,0.0853929744922483,7.019908005870024,16.92662841694141,1,monophasic
Single_Pulse_autosave_20260717_145115_858ms,Deltoid med. (L),L_DELmed,80,0.004373628791542248,0.1818444626955342,41.57747979142314,32.37716322282901,1,monophasic
Single_Pulse_autosave_20260717_145115_858ms,Deltoid med. (L),L_DELmed,90,0.011164118442234028,0.3181885094046327,28.50099728438215,29.09720113527642,1,monophasic
Single_Pulse_autosave_20260717_145115_858ms,Deltoid med. (L),L_DELmed,100,0.01270097786988357,0.5345417157628736,42.08665830608,32.48288887996679,1,monophasic
Single_Pulse_autosave_20260717_145115_858ms,Biceps (L),L_BB,10,0.002146383076044551,0.002782665512451395,1.296444024139164,2.2550754042549825,1,monophasic
Single_Pulse_autosave_20260717_145115_858ms,Biceps (L),L_BB,20,0.0019128717474454083,0.003115512325039748,1.6287094674279317,4.236872417342399,1,monophasic
Single_Pulse_autosave_20260717_145115_858ms,Biceps (L),L_BB,30,0.0019300284068083284,0.006079935248552316,3.1501791513041266,9.966705058080198,1,monophasic
Single_Pulse_autosave_20260717_145115_858ms,Biceps (L),L_BB,40,0.002003956697511544,0.006696929166624841,3.341853232128666,10.479747451684249,1,monophasic
Single_Pulse_autosave_20260717_145115_858ms,Biceps (L),L_BB,50,0.0023849347800179665,0.010647271080934259,4.464386686856925,12.995236087295712,1,monophasic
Single_Pulse_autosave_20260717_145115_858ms,Biceps (L),L_BB,60,0.004153069709281013,0.020168562181075565,4.8563023481171435,13.726114352247045,1,monophasic
Single_Pulse_autosave_20260717_145115_858ms,Biceps (L),L_BB,70,0.007686353867841852,0.37047686613224257,48.199298718504586,33.660814389300086,1,monophasic
Single_Pulse_autosave_20260717_145115_858ms,Biceps (L),L_BB,80,0.003416959132019434,1.0340829600973895,302.63252211806326,49.61831194482511,1,monophasic
Single_Pulse_autosave_20260717_145115_858ms,Biceps (L),L_BB,90,0.005895129557157804,1.4300989814201333,242.58991554879776,47.69745486609837,1,monophasic
Single_Pulse_autosave_20260717_145115_858ms,Biceps (L),L_BB,100,0.009074706029254285,1.437267739666561,158.38174096584686,43.99410225026479,1,monophasic
Single_Pulse_autosave_20260717_145115_858ms,Triceps long (L),L_TBlg,10,0.003578621136006333,0.005330812825502303,1.4896276031755011,3.461554225964105,1,monophasic
Single_Pulse_autosave_20260717_145115_858ms,Triceps long (L),L_TBlg,20,0.0036125998736523386,0.008194917147582586,2.268426461327843,7.114494094282733,1,monophasic
Single_Pulse_autosave_20260717_145115_858ms,Triceps long (L),L_TBlg,30,0.003424882574533503,0.008245941741017221,2.407656777003628,7.631891524826373,1,monophasic
Single_Pulse_autosave_20260717_145115_858ms,Triceps long (L),L_TBlg,40,0.0030284980620386205,0.011156897807973142,3.6839705951348454,11.3263231013885,1,monophasic
Single_Pulse_autosave_20260717_145115_858ms,Triceps long (L),L_TBlg,50,0.002954400829509237,0.03156832410395149,10.685186582890102,20.57564220283677,1,monophasic
Single_Pulse_autosave_20260717_145115_858ms,Triceps long (L),L_TBlg,60,0.0025641085021089836,0.10566521204002781,41.209337262100256,32.29991260316965,1,monophasic
Single_Pulse_autosave_20260717_145115_858ms,Triceps long (L),L_TBlg,70,0.0024573413634416666,0.1987874655257892,80.89534017665922,38.15847011238163,1,monophasic
Single_Pulse_autosave_20260717_145115_858ms,Triceps long (L),L_TBlg,80,0.004348189865992245,0.3362437150086089,77.32958434920575,37.76691351654909,1,monophasic
Single_Pulse_autosave_20260717_145115_858ms,Triceps long (L),L_TBlg,90,0.00298795878164917,0.3544087661518887,118.61233438979262,41.482597065369724,1,monophasic
Single_Pulse_autosave_20260717_145115_858ms,Triceps long (L),L_TBlg,100,0.10536123947505867,0.40306992489966387,3.825599688347245,11.653990467837394,1,monophasic
Single_Pulse_autosave_20260717_145115_858ms,Thenar (L),L_The_ED_FD_FCR A,10,0.013069204426072867,0.008454431854313995,0.6468972080234302,-3.783294464982303,1,monophasic
Single_Pulse_autosave_20260717_145115_858ms,Thenar (L),L_The_ED_FD_FCR A,20,0.011810153212855069,0.014523294165900489,1.2297295305273628,1.7961920447859336,1,monophasic
Single_Pulse_autosave_20260717_145115_858ms,Thenar (L),L_The_ED_FD_FCR A,30,0.013120678566243524,0.009843090838459384,0.7501967820310287,-2.4964960617481644,1,monophasic
Single_Pulse_autosave_20260717_145115_858ms,Thenar (L),L_The_ED_FD_FCR A,40,0.011287777551325227,0.017616065101853515,1.5606318446437957,3.866009288703973,1,monophasic
Single_Pulse_autosave_20260717_145115_858ms,Thenar (L),L_The_ED_FD_FCR A,50,0.006250708540128086,0.014718886494897828,2.3547548890507404,7.438914145452569,1,monophasic
Single_Pulse_autosave_20260717_145115_858ms,Thenar (L),L_The_ED_FD_FCR A,60,0.006045643775166884,0.012924437582779728,2.1378099774697628,6.599381993096679,1,monophasic
Single_Pulse_autosave_20260717_145115_858ms,Thenar (L),L_The_ED_FD_FCR A,70,0.007956153480094067,0.018843589241690648,2.3684295795495207,7.489209527805017,1,monophasic
Single_Pulse_autosave_20260717_145115_858ms,Thenar (L),L_The_ED_FD_FCR A,80,0.005646124152504141,0.02181130752106612,3.86305843299469,11.738625547495039,1,monophasic
Single_Pulse_autosave_20260717_145115_858ms,Thenar (L),L_The_ED_FD_FCR A,90,0.00408468777699995,0.04151508793167218,10.163589042333967,20.140941926750237,1,monophasic
Single_Pulse_autosave_20260717_145115_858ms,Thenar (L),L_The_ED_FD_FCR A,100,0.0053600232083614065,0.03598823652749806,6.714194160830862,16.53987792012313,1,monophasic
Single_Pulse_autosave_20260717_145115_858ms,Ext. digitorum (L),L_The_ED_FD_FCR B,10,0.0028088718794887814,0.0026264891498484783,0.935069046412506,-0.583126384286458,1,monophasic
Single_Pulse_autosave_20260717_145115_858ms,Ext. digitorum (L),L_The_ED_FD_FCR B,20,0.00298353308587632,0.0024743374820157087,0.8293313366387385,-1.6254384861033615,1,monophasic
Single_Pulse_autosave_20260717_145115_858ms,Ext. digitorum (L),L_The_ED_FD_FCR B,30,0.0031129823986289482,0.0047718175199130955,1.5328764859109862,3.710143245184512,1,monophasic
Single_Pulse_autosave_20260717_145115_858ms,Ext. digitorum (L),L_The_ED_FD_FCR B,40,0.0030677633071613877,0.019800449243682784,6.454360151404317,16.197063904975938,1,monophasic
Single_Pulse_autosave_20260717_145115_858ms,Ext. digitorum (L),L_The_ED_FD_FCR B,50,0.0029005852025970895,0.010624997932235898,3.6630532082707385,11.27686454249943,1,monophasic
Single_Pulse_autosave_20260717_145115_858ms,Ext. digitorum (L),L_The_ED_FD_FCR B,60,0.003259359282419576,0.037620937318040504,11.5424333613546,21.24594751782373,1,monophasic
Single_Pulse_autosave_20260717_145115_858ms,Ext. digitorum (L),L_The_ED_FD_FCR B,70,0.0030936352259702815,0.03591070627819332,11.607931658112783,21.295096850427026,1,monophasic
Single_Pulse_autosave_20260717_145115_858ms,Ext. digitorum (L),L_The_ED_FD_FCR B,80,0.0040723655518047925,0.041436794146691616,10.175116555616585,20.15078785508755,1,monophasic
Single_Pulse_autosave_20260717_145115_858ms,Ext. digitorum (L),L_The_ED_FD_FCR B,90,0.004995088851189556,0.1112701593472136,22.275911933121098,26.956709845123733,1,monophasic
Single_Pulse_autosave_20260717_145115_858ms,Ext. digitorum (L),L_The_ED_FD_FCR B,100,0.006526381390556596,0.272926731930697,41.818998246962806,32.42747250601421,1,monophasic
Single_Pulse_autosave_20260717_145115_858ms,Flex. digitorum (L),L_The_ED_FD_FCR C,10,0.002733995378303067,0.002531229087186675,0.9258351741464007,-0.6693264721982383,1,monophasic
Single_Pulse_autosave_20260717_145115_858ms,Flex. digitorum (L),L_The_ED_FD_FCR C,20,0.0033012238051038385,0.003982655628165355,1.206417941736635,1.6299557472260973,1,monophasic
Single_Pulse_autosave_20260717_145115_858ms,Flex. digitorum (L),L_The_ED_FD_FCR C,30,0.0036689147198789907,0.0027128377219211093,0.7394114960542296,-2.622276029704997,1,monophasic
Single_Pulse_autosave_20260717_145115_858ms,Flex. digitorum (L),L_The_ED_FD_FCR C,40,0.0033305148204423136,0.006534575955467612,1.9620317902082713,5.854120796864124,1,monophasic
Single_Pulse_autosave_20260717_145115_858ms,Flex. digitorum (L),L_The_ED_FD_FCR C,50,0.00427623919332877,0.009248730620804826,2.1628188234263153,6.7004028133612294,1,monophasic
Single_Pulse_autosave_20260717_145115_858ms,Flex. digitorum (L),L_The_ED_FD_FCR C,60,0.006773084373821686,0.06986864931826159,10.315632503901393,20.269917238587816,1,monophasic
Single_Pulse_autosave_20260717_145115_858ms,Flex. digitorum (L),L_The_ED_FD_FCR C,70,0.00783648987531966,0.10132121183687075,12.929412715248064,22.231575972751614,1,monophasic
Single_Pulse_autosave_20260717_145115_858ms,Flex. digitorum (L),L_The_ED_FD_FCR C,80,0.007919168147262306,0.12199283704390795,15.40475398114655,23.75309533772824,1,monophasic
Single_Pulse_autosave_20260717_145115_858ms,Flex. digitorum (L),L_The_ED_FD_FCR C,90,0.009681348462591671,0.12782927457884155,13.203664249124857,22.41388944584302,1,monophasic
Single_Pulse_autosave_20260717_145115_858ms,Flex. digitorum (L),L_The_ED_FD_FCR C,100,0.011592926674310031,0.1255046441846071,10.825967222127426,20.6893341567991,1,monophasic
Single_Pulse_autosave_20260717_145115_858ms,Flex. carpi rad. (L),L_The_ED_FD_FCR D,10,0.0043546177560899475,0.0022909604457021586,0.5260990915903566,-5.578648961876094,1,monophasic
Single_Pulse_autosave_20260717_145115_858ms,Flex. carpi rad. (L),L_The_ED_FD_FCR D,20,0.0035574653065718487,0.003091599112555137,0.8690454708985922,-1.219149989008083,1,monophasic
Single_Pulse_autosave_20260717_145115_858ms,Flex. carpi rad. (L),L_The_ED_FD_FCR D,30,0.0034047947571286714,0.003561272101830434,1.045957937515659,0.39028440052669244,1,monophasic
Single_Pulse_autosave_20260717_145115_858ms,Flex. carpi rad. (L),L_The_ED_FD_FCR D,40,0.004023618331680192,0.007354619068120212,1.827862004259498,5.238868105299491,1,monophasic
Single_Pulse_autosave_20260717_145115_858ms,Flex. carpi rad. (L),L_The_ED_FD_FCR D,50,0.005329004396041763,0.00648033737614959,1.2160502965550197,1.699030759664705,1,monophasic
Single_Pulse_autosave_20260717_145115_858ms,Flex. carpi rad. (L),L_The_ED_FD_FCR D,60,0.006873080054324506,0.12381646721167898,18.01469882978801,25.112540119452618,1,monophasic
Single_Pulse_autosave_20260717_145115_858ms,Flex. carpi rad. (L),L_The_ED_FD_FCR D,70,0.006047162204127637,0.2247278640886231,37.16253285470492,31.402106123296946,1,monophasic
Single_Pulse_autosave_20260717_145115_858ms,Flex. carpi rad. (L),L_The_ED_FD_FCR D,80,0.0056596301628223196,0.3257186838944484,57.55123118009896,35.20109237651999,1,monophasic
Single_Pulse_autosave_20260717_145115_858ms,Flex. carpi rad. (L),L_The_ED_FD_FCR D,90,0.016523029452756258,0.3803885370904604,23.021718757936764,27.242754882159392,1,monophasic
Single_Pulse_autosave_20260717_145115_858ms,Flex. carpi rad. (L),L_The_ED_FD_FCR D,100,0.016206300244879148,0.4033073695701797,24.88583843790111,27.919045546021014,1,monophasic
Single_Pulse_autosave_20260717_145115_858ms,Deltoid med. (R),R_DELmed,10,0.0020051651667078417,0.010679662663815157,5.326076295924013,14.528147668124769,1,monophasic
Single_Pulse_autosave_20260717_145115_858ms,Deltoid med. (R),R_DELmed,20,0.001653581884417635,0.01834980675233874,11.097005189314377,20.904115782501744,1,monophasic
Single_Pulse_autosave_20260717_145115_858ms,Deltoid med. (R),R_DELmed,30,0.002092571422149593,0.023421461520789277,11.192670067495039,20.97867404022694,1,monophasic
Single_Pulse_autosave_20260717_145115_858ms,Deltoid med. (R),R_DELmed,40,0.002527881603174586,0.08540582200535145,33.785530895947176,30.574614953820614,1,monophasic
Single_Pulse_autosave_20260717_145115_858ms,Deltoid med. (R),R_DELmed,50,0.0024448362909548784,0.1095685318340411,44.81630620398185,33.028721175468725,1,monophasic
Single_Pulse_autosave_20260717_145115_858ms,Deltoid med. (R),R_DELmed,60,0.001953254293026036,0.1272457004379363,65.14548612142237,36.27768658348249,1,monophasic
Single_Pulse_autosave_20260717_145115_858ms,Deltoid med. (R),R_DELmed,70,0.0019570753749287026,0.14599851140062592,74.6003517651663,37.454817506373075,1,monophasic
Single_Pulse_autosave_20260717_145115_858ms,Deltoid med. (R),R_DELmed,80,0.0024509393844832817,0.20217605963087523,82.48921246720221,38.32794314741245,1,monophasic
Single_Pulse_autosave_20260717_145115_858ms,Deltoid med. (R),R_DELmed,90,0.07129246841578307,0.3197208029347891,4.484636456549003,13.034544861475421,1,monophasic
Single_Pulse_autosave_20260717_145115_858ms,Deltoid med. (R),R_DELmed,100,0.008510408040990593,0.38307885566996214,45.0129833757504,33.06675596225228,1,monophasic
Single_Pulse_autosave_20260717_145115_858ms,Biceps (R),R_BB,10,0.0028715111848962305,0.0033731110235126214,1.1746814852244838,1.3984024732326734,1,monophasic
Single_Pulse_autosave_20260717_145115_858ms,Biceps (R),R_BB,20,0.0030113623948175784,0.003530848577021105,1.1725086901189772,1.3823214039766685,1,monophasic
Single_Pulse_autosave_20260717_145115_858ms,Biceps (R),R_BB,30,0.0036528958261280047,0.006192240020946407,1.6951592149590686,4.584209896573635,1,monophasic
Single_Pulse_autosave_20260717_145115_858ms,Biceps (R),R_BB,40,0.003038596358256561,0.0062128413624893495,2.0446418773614465,6.2123450311634425,1,monophasic
Single_Pulse_autosave_20260717_145115_858ms,Biceps (R),R_BB,50,0.002800168324863393,0.00872395304339903,3.1155102234165266,9.87058361424603,1,monophasic
Single_Pulse_autosave_20260717_145115_858ms,Biceps (R),R_BB,60,0.006315053657293254,0.017927798287848063,2.8388988060526223,9.062998243217304,1,monophasic
Single_Pulse_autosave_20260717_145115_858ms,Biceps (R),R_BB,70,0.11763707967333013,0.3689783640546346,3.136582148071522,9.929133326623562,1,monophasic
Single_Pulse_autosave_20260717_145115_858ms,Biceps (R),R_BB,80,0.020441840196307973,1.3019914369160301,63.69247701834517,36.08176278097289,1,monophasic
Single_Pulse_autosave_20260717_145115_858ms,Biceps (R),R_BB,90,0.02367980976562457,1.5571191818991446,65.75725047249232,36.358872912541095,1,monophasic
Single_Pulse_autosave_20260717_145115_858ms,Biceps (R),R_BB,100,0.012756107857105948,1.789860974637797,140.3140358084016,42.942022325663174,1,monophasic
Single_Pulse_autosave_20260717_145115_858ms,Triceps long (R),R_TBlg,10,0.0026450314138841183,0.007572218744541722,2.862808624802771,9.13584633891556,1,monophasic
Single_Pulse_autosave_20260717_145115_858ms,Triceps long (R),R_TBlg,20,0.001989559744986732,0.013112423131892105,6.590615418779268,16.37851940113905,1,monophasic
Single_Pulse_autosave_20260717_145115_858ms,Triceps long (R),R_TBlg,30,0.0026802092996519207,0.013560638886024075,5.059544748160227,14.082228825900211,1,monophasic
Single_Pulse_autosave_20260717_145115_858ms,Triceps long (R),R_TBlg,40,0.0025532103542786943,0.01974805999209445,7.734599681142787,17.768756817670255,1,monophasic
Single_Pulse_autosave_20260717_145115_858ms,Triceps long (R),R_TBlg,50,0.0025948262274288468,0.025888991701096133,9.977158172456479,19.980137146843145,1,monophasic
Single_Pulse_autosave_20260717_145115_858ms,Triceps long (R),R_TBlg,60,0.0027146666052914855,0.040553080634327325,14.938512359226877,23.48614701471857,1,monophasic
Single_Pulse_autosave_20260717_145115_858ms,Triceps long (R),R_TBlg,70,0.0023645006596102166,0.09989381049479416,42.247317668865215,32.51598280602627,1,monophasic
Single_Pulse_autosave_20260717_145115_858ms,Triceps long (R),R_TBlg,80,0.0027378992411510377,0.1517117491108895,55.41173569525097,34.872035080824396,1,monophasic
Single_Pulse_autosave_20260717_145115_858ms,Triceps long (R),R_TBlg,90,0.003139610880265763,0.17984392394509352,57.28223362822275,35.160398884843296,1,monophasic
Single_Pulse_autosave_20260717_145115_858ms,Triceps long (R),R_TBlg,100,0.002646974338426355,0.13472338619851718,50.897125915701615,34.133865181433556,1,monophasic
Single_Pulse_autosave_20260717_145115_858ms,Trapezius (R),R_TR,10,0.002354100370118376,0.10410149290092836,44.22134851272022,32.912639641698526,1,monophasic
Single_Pulse_autosave_20260717_145115_858ms,Trapezius (R),R_TR,20,0.001893418008092098,0.17469409407354866,92.26388115405067,39.300634392033906,1,monophasic
Single_Pulse_autosave_20260717_145115_858ms,Trapezius (R),R_TR,30,0.001963048141047193,0.22574454059886312,114.99694575928186,41.21372611881053,1,monophasic
Single_Pulse_autosave_20260717_145115_858ms,Trapezius (R),R_TR,40,0.0018112702908650677,0.2922058752452089,161.326488221507,44.154113602458466,1,monophasic
Single_Pulse_autosave_20260717_145115_858ms,Trapezius (R),R_TR,50,0.01892855042441352,0.48701348150916746,25.729042667790925,28.208472543615734,1,monophasic
Single_Pulse_autosave_20260717_145115_858ms,Trapezius (R),R_TR,60,0.03132494856324383,0.6981480009683532,22.287283235559666,26.96114264576975,1,monophasic
Single_Pulse_autosave_20260717_145115_858ms,Trapezius (R),R_TR,70,0.018685710803895715,0.9893179081872716,52.94515785725488,34.47652495004711,1,monophasic
Single_Pulse_autosave_20260717_145115_858ms,Trapezius (R),R_TR,80,0.01709528339921493,1.3142229096254827,76.87634530152545,37.715854576168155,1,monophasic
Single_Pulse_autosave_20260717_145115_858ms,Trapezius (R),R_TR,90,0.14047442775505936,1.6938594862884095,12.058134091437173,21.625602181808162,1,monophasic
Single_Pulse_autosave_20260717_145115_858ms,Trapezius (R),R_TR,100,0.015837635357355315,2.044315450082271,129.0795882058776,42.217151424658994,1,monophasic
Single_Pulse_autosave_20260717_145115_858ms,Thenar (R),R_The_ED_FD_FCR A,10,0.0051873670169760265,0.009887502668370622,1.9060734735007314,5.602792747881665,1,monophasic
Single_Pulse_autosave_20260717_145115_858ms,Thenar (R),R_The_ED_FD_FCR A,20,0.00758499027866667,0.009761703920923548,1.2869764577522322,2.191412051346301,1,monophasic
Single_Pulse_autosave_20260717_145115_858ms,Thenar (R),R_The_ED_FD_FCR A,30,0.00861561624969294,0.00971339081948483,1.127416836820119,1.0416903255512318,1,monophasic
Single_Pulse_autosave_20260717_145115_858ms,Thenar (R),R_The_ED_FD_FCR A,40,0.011007333440311955,0.02833209696268265,2.5739292005929912,8.21193193750052,1,monophasic
Single_Pulse_autosave_20260717_145115_858ms,Thenar (R),R_The_ED_FD_FCR A,50,0.0062550240060828075,0.018144175265839498,2.9007363118342755,9.250165030929264,1,monophasic
Single_Pulse_autosave_20260717_145115_858ms,Thenar (R),R_The_ED_FD_FCR A,60,0.011245933837218346,0.023287988777390342,2.070791907055232,6.322729180589616,1,monophasic
Single_Pulse_autosave_20260717_145115_858ms,Thenar (R),R_The_ED_FD_FCR A,70,0.007405438170780065,0.2397463766544149,32.37436747502556,30.204025839985643,1,monophasic
Single_Pulse_autosave_20260717_145115_858ms,Thenar (R),R_The_ED_FD_FCR A,80,0.006006504513223598,0.05426360265933227,9.034139996044027,19.11773632499084,1,monophasic
Single_Pulse_autosave_20260717_145115_858ms,Thenar (R),R_The_ED_FD_FCR A,90,0.007122165595981282,0.044962922467419286,6.313097029475114,16.004849285808255,1,monophasic
Single_Pulse_autosave_20260717_145115_858ms,Thenar (R),R_The_ED_FD_FCR A,100,0.004510918026032437,0.09093937401033508,20.159837417910367,26.089740507067873,1,monophasic
Single_Pulse_autosave_20260717_145115_858ms,Ext. digitorum (R),R_The_ED_FD_FCR B,10,0.010507697956459202,0.011819697282187954,1.1248607764674328,1.0219754666615284,1,monophasic
Single_Pulse_autosave_20260717_145115_858ms,Ext. digitorum (R),R_The_ED_FD_FCR B,20,0.010684806580348339,0.011001685840805617,1.0296569954799264,0.2538514886750669,1,monophasic
Single_Pulse_autosave_20260717_145115_858ms,Ext. digitorum (R),R_The_ED_FD_FCR B,30,0.01123075354960528,0.011862105304493066,1.0562163306406074,0.4750575605740941,1,monophasic
Single_Pulse_autosave_20260717_145115_858ms,Ext. digitorum (R),R_The_ED_FD_FCR B,40,0.011643757664282547,0.014499688442174042,1.2452756970932262,1.9053102490543332,1,monophasic
Single_Pulse_autosave_20260717_145115_858ms,Ext. digitorum (R),R_The_ED_FD_FCR B,50,0.010127809047707879,0.037997976561606715,3.7518456738880164,11.4848993214472,1,monophasic
Single_Pulse_autosave_20260717_145115_858ms,Ext. digitorum (R),R_The_ED_FD_FCR B,60,0.010917264816970819,0.03577681648502615,3.2770860728239652,10.309756965954378,1,monophasic
Single_Pulse_autosave_20260717_145115_858ms,Ext. digitorum (R),R_The_ED_FD_FCR B,70,0.011126420279744456,0.04097904028104032,3.6830390413745446,11.324126450753777,1,monophasic
Single_Pulse_autosave_20260717_145115_858ms,Ext. digitorum (R),R_The_ED_FD_FCR B,80,0.011308486827363696,0.06240378670335316,5.518314488579646,14.83612894556295,1,monophasic
Single_Pulse_autosave_20260717_145115_858ms,Ext. digitorum (R),R_The_ED_FD_FCR B,90,0.1116057990857575,0.07580811527586478,0.6792488911585508,-3.359421237490818,1,monophasic
Single_Pulse_autosave_20260717_145115_858ms,Ext. digitorum (R),R_The_ED_FD_FCR B,100,0.019724889709497026,0.09488138409078115,4.8102364823413035,13.643328556380155,1,monophasic
Single_Pulse_autosave_20260717_145115_858ms,Flex. digitorum (R),R_The_ED_FD_FCR C,10,0.0022340120626681424,0.002953653785315201,1.322129738989668,2.4254814806426612,1,monophasic
Single_Pulse_autosave_20260717_145115_858ms,Flex. digitorum (R),R_The_ED_FD_FCR C,20,0.0020842060114947716,0.0025829484640090706,1.2392961395196274,1.8635019369099681,1,monophasic
Single_Pulse_autosave_20260717_145115_858ms,Flex. digitorum (R),R_The_ED_FD_FCR C,30,0.002234008103208379,0.0027371253203358316,1.2252083223892067,1.7641987629426306,1,monophasic
Single_Pulse_autosave_20260717_145115_858ms,Flex. digitorum (R),R_The_ED_FD_FCR C,40,0.0027670918632789203,0.04239291009201964,15.320384066246836,23.70539305496688,1,monophasic
Single_Pulse_autosave_20260717_145115_858ms,Flex. digitorum (R),R_The_ED_FD_FCR C,50,0.002085411441625471,0.04769963670414572,22.87300997397727,27.186466387083577,1,monophasic
Single_Pulse_autosave_20260717_145115_858ms,Flex. digitorum (R),R_The_ED_FD_FCR C,60,0.03384149465162232,0.09731668343755977,2.8756615048884826,9.174755275309805,1,monophasic
Single_Pulse_autosave_20260717_145115_858ms,Flex. digitorum (R),R_The_ED_FD_FCR C,70,0.00828010546545165,0.14590306494750777,17.62091866538191,24.920570931583836,1,monophasic
Single_Pulse_autosave_20260717_145115_858ms,Flex. digitorum (R),R_The_ED_FD_FCR C,80,0.006138083563304415,0.15026714963417323,24.481118265075793,27.776625038473316,1,monophasic
Single_Pulse_autosave_20260717_145115_858ms,Flex. digitorum (R),R_The_ED_FD_FCR C,90,0.008444076218698238,0.20804524552986448,24.63801132789127,27.832113011261722,1,monophasic
Single_Pulse_autosave_20260717_145115_858ms,Flex. digitorum (R),R_The_ED_FD_FCR C,100,0.359145682099038,0.37817406233557405,1.0529823444495394,0.44842178700654756,1,monophasic
Single_Pulse_autosave_20260717_145115_858ms,Flex. carpi rad. (R),R_The_ED_FD_FCR D,10,0.002234290536783218,0.0023788116110415093,1.0646832056435969,0.5444080708475332,1,monophasic
Single_Pulse_autosave_20260717_145115_858ms,Flex. carpi rad. (R),R_The_ED_FD_FCR D,20,0.0027389958188804814,0.0020305345946838795,0.7413427142484016,-2.599619524667511,1,monophasic
Single_Pulse_autosave_20260717_145115_858ms,Flex. carpi rad. (R),R_The_ED_FD_FCR D,30,0.0025274301206773073,0.005119748386403967,2.025673566409806,6.131389218025536,1,monophasic
Single_Pulse_autosave_20260717_145115_858ms,Flex. carpi rad. (R),R_The_ED_FD_FCR D,40,0.0027312920827365227,0.13226522039922936,48.425879178293826,33.701550282739056,1,monophasic
Single_Pulse_autosave_20260717_145115_858ms,Flex. carpi rad. (R),R_The_ED_FD_FCR D,50,0.0027137139341015426,0.15886743076936127,58.54243838046959,35.34941614983673,1,monophasic
Single_Pulse_autosave_20260717_145115_858ms,Flex. carpi rad. (R),R_The_ED_FD_FCR D,60,0.0033183772617418434,0.14045686362136703,42.32697265640016,32.532344152548134,1,monophasic
Single_Pulse_autosave_20260717_145115_858ms,Flex. carpi rad. (R),R_The_ED_FD_FCR D,70,0.01652190773276578,0.6208229186835807,37.57574056973955,31.49815097463037,1,monophasic
Single_Pulse_autosave_20260717_145115_858ms,Flex. carpi rad. (R),R_The_ED_FD_FCR D,80,0.005599243459880896,0.7593720203655735,135.62046833765046,42.64650479582145,1,monophasic
Single_Pulse_autosave_20260717_145115_858ms,Flex. carpi rad. (R),R_The_ED_FD_FCR D,90,0.005360012054086085,1.0028432705102104,187.09720433291102,45.441345963590685,1,monophasic
Single_Pulse_autosave_20260717_145115_858ms,Flex. carpi rad. (R),R_The_ED_FD_FCR D,100,0.008599521850274596,0.8292392405420054,96.42852881588136,39.68411081795842,1,monophasic
