source_file,muscle,channel,amp_ma,latency_ms,electrode,mode
Burst_autosave_20260717_150152_655ms,Deltoid med. (L),L_DELmed,10,,1,monophasic
Burst_autosave_20260717_150152_655ms,Deltoid med. (L),L_DELmed,15,,1,monophasic
Burst_autosave_20260717_150152_655ms,Deltoid med. (L),L_DELmed,20,,1,monophasic
Burst_autosave_20260717_150152_655ms,Deltoid med. (L),L_DELmed,25,,1,monophasic
Burst_autosave_20260717_150152_655ms,Deltoid med. (L),L_DELmed,30,,1,monophasic
Burst_autosave_20260717_150152_655ms,Deltoid med. (L),L_DELmed,35,,1,monophasic
Burst_autosave_20260717_150152_655ms,Deltoid med. (L),L_DELmed,40,,1,monophasic
Burst_autosave_20260717_150152_655ms,Deltoid med. (L),L_DELmed,45,,1,monophasic
Burst_autosave_20260717_150152_655ms,Deltoid med. (L),L_DELmed,50,,1,monophasic
Burst_autosave_20260717_150152_655ms,Biceps (L),L_BB,10,,1,monophasic
Burst_autosave_20260717_150152_655ms,Biceps (L),L_BB,15,,1,monophasic
Burst_autosave_20260717_150152_655ms,Biceps (L),L_BB,20,,1,monophasic
Burst_autosave_20260717_150152_655ms,Biceps (L),L_BB,25,,1,monophasic
Burst_autosave_20260717_150152_655ms,Biceps (L),L_BB,30,,1,monophasic
Burst_autosave_20260717_150152_655ms,Biceps (L),L_BB,35,,1,monophasic
Burst_autosave_20260717_150152_655ms,Biceps (L),L_BB,40,,1,monophasic
Burst_autosave_20260717_150152_655ms,Biceps (L),L_BB,45,,1,monophasic
Burst_autosave_20260717_150152_655ms,Biceps (L),L_BB,50,,1,monophasic
Burst_autosave_20260717_150152_655ms,Triceps long (L),L_TBlg,10,,1,monophasic
Burst_autosave_20260717_150152_655ms,Triceps long (L),L_TBlg,15,,1,monophasic
Burst_autosave_20260717_150152_655ms,Triceps long (L),L_TBlg,20,,1,monophasic
Burst_autosave_20260717_150152_655ms,Triceps long (L),L_TBlg,25,,1,monophasic
Burst_autosave_20260717_150152_655ms,Triceps long (L),L_TBlg,30,,1,monophasic
Burst_autosave_20260717_150152_655ms,Triceps long (L),L_TBlg,35,,1,monophasic
Burst_autosave_20260717_150152_655ms,Triceps long (L),L_TBlg,40,,1,monophasic
Burst_autosave_20260717_150152_655ms,Triceps long (L),L_TBlg,45,,1,monophasic
Burst_autosave_20260717_150152_655ms,Triceps long (L),L_TBlg,50,,1,monophasic
Burst_autosave_20260717_150152_655ms,Thenar (L),L_The_ED_FD_FCR A,10,,1,monophasic
Burst_autosave_20260717_150152_655ms,Thenar (L),L_The_ED_FD_FCR A,15,,1,monophasic
Burst_autosave_20260717_150152_655ms,Thenar (L),L_The_ED_FD_FCR A,20,,1,monophasic
Burst_autosave_20260717_150152_655ms,Thenar (L),L_The_ED_FD_FCR A,25,,1,monophasic
Burst_autosave_20260717_150152_655ms,Thenar (L),L_The_ED_FD_FCR A,30,,1,monophasic
Burst_autosave_20260717_150152_655ms,Thenar (L),L_The_ED_FD_FCR A,35,,1,monophasic
Burst_autosave_20260717_150152_655ms,Thenar (L),L_The_ED_FD_FCR A,40,,1,monophasic
Burst_autosave_20260717_150152_655ms,Thenar (L),L_The_ED_FD_FCR A,45,,1,monophasic
Burst_autosave_20260717_150152_655ms,Thenar (L),L_The_ED_FD_FCR A,50,,1,monophasic
Burst_autosave_20260717_150152_655ms,Ext. digitorum (L),L_The_ED_FD_FCR B,10,,1,monophasic
Burst_autosave_20260717_150152_655ms,Ext. digitorum (L),L_The_ED_FD_FCR B,15,,1,monophasic
Burst_autosave_20260717_150152_655ms,Ext. digitorum (L),L_The_ED_FD_FCR B,20,,1,monophasic
Burst_autosave_20260717_150152_655ms,Ext. digitorum (L),L_The_ED_FD_FCR B,25,,1,monophasic
Burst_autosave_20260717_150152_655ms,Ext. digitorum (L),L_The_ED_FD_FCR B,30,,1,monophasic
Burst_autosave_20260717_150152_655ms,Ext. digitorum (L),L_The_ED_FD_FCR B,35,,1,monophasic
Burst_autosave_20260717_150152_655ms,Ext. digitorum (L),L_The_ED_FD_FCR B,40,,1,monophasic
Burst_autosave_20260717_150152_655ms,Ext. digitorum (L),L_The_ED_FD_FCR B,45,,1,monophasic
Burst_autosave_20260717_150152_655ms,Ext. digitorum (L),L_The_ED_FD_FCR B,50,,1,monophasic
Burst_autosave_20260717_150152_655ms,Flex. digitorum (L),L_The_ED_FD_FCR C,10,,1,monophasic
Burst_autosave_20260717_150152_655ms,Flex. digitorum (L),L_The_ED_FD_FCR C,15,,1,monophasic
Burst_autosave_20260717_150152_655ms,Flex. digitorum (L),L_The_ED_FD_FCR C,20,,1,monophasic
Burst_autosave_20260717_150152_655ms,Flex. digitorum (L),L_The_ED_FD_FCR C,25,,1,monophasic
Burst_autosave_20260717_150152_655ms,Flex. digitorum (L),L_The_ED_FD_FCR C,30,,1,monophasic
Burst_autosave_20260717_150152_655ms,Flex. digitorum (L),L_The_ED_FD_FCR C,35,,1,monophasic
Burst_autosave_20260717_150152_655ms,Flex. digitorum (L),L_The_ED_FD_FCR C,40,,1,monophasic
Burst_autosave_20260717_150152_655ms,Flex. digitorum (L),L_The_ED_FD_FCR C,45,,1,monophasic
Burst_autosave_20260717_150152_655ms,Flex. digitorum (L),L_The_ED_FD_FCR C,50,,1,monophasic
Burst_autosave_20260717_150152_655ms,Flex. carpi rad. (L),L_The_ED_FD_FCR D,10,,1,monophasic
Burst_autosave_20260717_150152_655ms,Flex. carpi rad. (L),L_The_ED_FD_FCR D,15,,1,monophasic
Burst_autosave_20260717_150152_655ms,Flex. carpi rad. (L),L_The_ED_FD_FCR D,20,,1,monophasic
Burst_autosave_20260717_150152_655ms,Flex. carpi rad. (L),L_The_ED_FD_FCR D,25,,1,monophasic
Burst_autosave_20260717_150152_655ms,Flex. carpi rad. (L),L_The_ED_FD_FCR D,30,,1,monophasic
Burst_autosave_20260717_150152_655ms,Flex. carpi rad. (L),L_The_ED_FD_FCR D,35,,1,monophasic
Burst_autosave_20260717_150152_655ms,Flex. carpi rad. (L),L_The_ED_FD_FCR D,40,,1,monophasic
Burst_autosave_20260717_150152_655ms,Flex. carpi rad. (L),L_The_ED_FD_FCR D,45,,1,monophasic
Burst_autosave_20260717_150152_655ms,Flex. carpi rad. (L),L_The_ED_FD_FCR D,50,,1,monophasic
Burst_autosave_20260717_150152_655ms,Deltoid med. (R),R_DELmed,10,,1,monophasic
Burst_autosave_20260717_150152_655ms,Deltoid med. (R),R_DELmed,15,,1,monophasic
Burst_autosave_20260717_150152_655ms,Deltoid med. (R),R_DELmed,20,,1,monophasic
Burst_autosave_20260717_150152_655ms,Deltoid med. (R),R_DELmed,25,,1,monophasic
Burst_autosave_20260717_150152_655ms,Deltoid med. (R),R_DELmed,30,,1,monophasic
Burst_autosave_20260717_150152_655ms,Deltoid med. (R),R_DELmed,35,,1,monophasic
Burst_autosave_20260717_150152_655ms,Deltoid med. (R),R_DELmed,40,,1,monophasic
Burst_autosave_20260717_150152_655ms,Deltoid med. (R),R_DELmed,45,,1,monophasic
Burst_autosave_20260717_150152_655ms,Deltoid med. (R),R_DELmed,50,,1,monophasic
Burst_autosave_20260717_150152_655ms,Biceps (R),R_BB,10,,1,monophasic
Burst_autosave_20260717_150152_655ms,Biceps (R),R_BB,15,,1,monophasic
Burst_autosave_20260717_150152_655ms,Biceps (R),R_BB,20,,1,monophasic
Burst_autosave_20260717_150152_655ms,Biceps (R),R_BB,25,,1,monophasic
Burst_autosave_20260717_150152_655ms,Biceps (R),R_BB,30,,1,monophasic
Burst_autosave_20260717_150152_655ms,Biceps (R),R_BB,35,,1,monophasic
Burst_autosave_20260717_150152_655ms,Biceps (R),R_BB,40,,1,monophasic
Burst_autosave_20260717_150152_655ms,Biceps (R),R_BB,45,,1,monophasic
Burst_autosave_20260717_150152_655ms,Biceps (R),R_BB,50,,1,monophasic
Burst_autosave_20260717_150152_655ms,Triceps long (R),R_TBlg,10,,1,monophasic
Burst_autosave_20260717_150152_655ms,Triceps long (R),R_TBlg,15,,1,monophasic
Burst_autosave_20260717_150152_655ms,Triceps long (R),R_TBlg,20,,1,monophasic
Burst_autosave_20260717_150152_655ms,Triceps long (R),R_TBlg,25,,1,monophasic
Burst_autosave_20260717_150152_655ms,Triceps long (R),R_TBlg,30,,1,monophasic
Burst_autosave_20260717_150152_655ms,Triceps long (R),R_TBlg,35,,1,monophasic
Burst_autosave_20260717_150152_655ms,Triceps long (R),R_TBlg,40,,1,monophasic
Burst_autosave_20260717_150152_655ms,Triceps long (R),R_TBlg,45,,1,monophasic
Burst_autosave_20260717_150152_655ms,Triceps long (R),R_TBlg,50,,1,monophasic
Burst_autosave_20260717_150152_655ms,Trapezius (R),R_TR,10,,1,monophasic
Burst_autosave_20260717_150152_655ms,Trapezius (R),R_TR,15,,1,monophasic
Burst_autosave_20260717_150152_655ms,Trapezius (R),R_TR,20,,1,monophasic
Burst_autosave_20260717_150152_655ms,Trapezius (R),R_TR,25,,1,monophasic
Burst_autosave_20260717_150152_655ms,Trapezius (R),R_TR,30,,1,monophasic
Burst_autosave_20260717_150152_655ms,Trapezius (R),R_TR,35,,1,monophasic
Burst_autosave_20260717_150152_655ms,Trapezius (R),R_TR,40,,1,monophasic
Burst_autosave_20260717_150152_655ms,Trapezius (R),R_TR,45,,1,monophasic
Burst_autosave_20260717_150152_655ms,Trapezius (R),R_TR,50,,1,monophasic
Burst_autosave_20260717_150152_655ms,Thenar (R),R_The_ED_FD_FCR A,10,,1,monophasic
Burst_autosave_20260717_150152_655ms,Thenar (R),R_The_ED_FD_FCR A,15,,1,monophasic
Burst_autosave_20260717_150152_655ms,Thenar (R),R_The_ED_FD_FCR A,20,,1,monophasic
Burst_autosave_20260717_150152_655ms,Thenar (R),R_The_ED_FD_FCR A,25,,1,monophasic
Burst_autosave_20260717_150152_655ms,Thenar (R),R_The_ED_FD_FCR A,30,,1,monophasic
Burst_autosave_20260717_150152_655ms,Thenar (R),R_The_ED_FD_FCR A,35,,1,monophasic
Burst_autosave_20260717_150152_655ms,Thenar (R),R_The_ED_FD_FCR A,40,,1,monophasic
Burst_autosave_20260717_150152_655ms,Thenar (R),R_The_ED_FD_FCR A,45,,1,monophasic
Burst_autosave_20260717_150152_655ms,Thenar (R),R_The_ED_FD_FCR A,50,,1,monophasic
Burst_autosave_20260717_150152_655ms,Ext. digitorum (R),R_The_ED_FD_FCR B,10,,1,monophasic
Burst_autosave_20260717_150152_655ms,Ext. digitorum (R),R_The_ED_FD_FCR B,15,,1,monophasic
Burst_autosave_20260717_150152_655ms,Ext. digitorum (R),R_The_ED_FD_FCR B,20,,1,monophasic
Burst_autosave_20260717_150152_655ms,Ext. digitorum (R),R_The_ED_FD_FCR B,25,,1,monophasic
Burst_autosave_20260717_150152_655ms,Ext. digitorum (R),R_The_ED_FD_FCR B,30,,1,monophasic
Burst_autosave_20260717_150152_655ms,Ext. digitorum (R),R_The_ED_FD_FCR B,35,,1,monophasic
Burst_autosave_20260717_150152_655ms,Ext. digitorum (R),R_The_ED_FD_FCR B,40,,1,monophasic
Burst_autosave_20260717_150152_655ms,Ext. digitorum (R),R_The_ED_FD_FCR B,45,,1,monophasic
Burst_autosave_20260717_150152_655ms,Ext. digitorum (R),R_The_ED_FD_FCR B,50,,1,monophasic
Burst_autosave_20260717_150152_655ms,Flex. digitorum (R),R_The_ED_FD_FCR C,10,,1,monophasic
Burst_autosave_20260717_150152_655ms,Flex. digitorum (R),R_The_ED_FD_FCR C,15,,1,monophasic
Burst_autosave_20260717_150152_655ms,Flex. digitorum (R),R_The_ED_FD_FCR C,20,,1,monophasic
Burst_autosave_20260717_150152_655ms,Flex. digitorum (R),R_The_ED_FD_FCR C,25,,1,monophasic
Burst_autosave_20260717_150152_655ms,Flex. digitorum (R),R_The_ED_FD_FCR C,30,,1,monophasic
Burst_autosave_20260717_150152_655ms,Flex. digitorum (R),R_The_ED_FD_FCR C,35,,1,monophasic
Burst_autosave_20260717_150152_655ms,Flex. digitorum (R),R_The_ED_FD_FCR C,40,,1,monophasic
Burst_autosave_20260717_150152_655ms,Flex. digitorum (R),R_The_ED_FD_FCR C,45,,1,monophasic
Burst_autosave_20260717_150152_655ms,Flex. digitorum (R),R_The_ED_FD_FCR C,50,,1,monophasic
Burst_autosave_20260717_150152_655ms,Flex. carpi rad. (R),R_The_ED_FD_FCR D,10,,1,monophasic
Burst_autosave_20260717_150152_655ms,Flex. carpi rad. (R),R_The_ED_FD_FCR D,15,,1,monophasic
Burst_autosave_20260717_150152_655ms,Flex. carpi rad. (R),R_The_ED_FD_FCR D,20,,1,monophasic
Burst_autosave_20260717_150152_655ms,Flex. carpi rad. (R),R_The_ED_FD_FCR D,25,,1,monophasic
Burst_autosave_20260717_150152_655ms,Flex. carpi rad. (R),R_The_ED_FD_FCR D,30,,1,monophasic
Burst_autosave_20260717_150152_655ms,Flex. carpi rad. (R),R_The_ED_FD_FCR D,35,,1,monophasic
Burst_autosave_20260717_150152_655ms,Flex. carpi rad. (R),R_The_ED_FD_FCR D,40,,1,monophasic
Burst_autosave_20260717_150152_655ms,Flex. carpi rad. (R),R_The_ED_FD_FCR D,45,,1,monophasic
Burst_autosave_20260717_150152_655ms,Flex. carpi rad. (R),R_The_ED_FD_FCR D,50,,1,monophasic
